{"t0": 8499.599649933163, "t1": -0.02144896359170181}