{"t0": 7997.925501449405, "t1": -4416.812788418861, "min": 22899.0, "max": 240000.0}